corpus_code_core_v1,prefLabel,ontology_label_of_record,simlex_code,kernel_key,kernel_primitive,kernel_locus,kernel_label,mlcLink,mlcLink_confirmed,cd_weight_core_v1,cd_weight_simlex_v1_3,lof_term,book_term,status
AINF,Authority Inflation,Authority Inflation,AI,AI,K-B2,authority,Authority Inflation,1->2,yes,0.12,0.12,,,active
CC,Correlativity Contradiction,Correlativity Contradiction,CC,,,,,N7,yes,0.14,0.14,,,active
CF,Conferral Failure,Conferral Failure,CF,CF,K-C3,assessor,Conferral Failure,1->3,yes,0.15,0.15,,,active
FM,Fact Manipulation,Fact Manipulation,,,,,,N4,yes,0.11,,,,active
JC,Jurisdictional Contradiction,Jurisdictional Contradiction,JC,JC,K-A1,effects,Jurisdictional Contradiction,2->6,yes,0.1,0.1,,,active
NI,Norm Indeterminacy,Norm Indeterminacy,,,,,,N2,yes,0.07,,,,active
PC,Procedural Contradiction,Procedural Contradiction,,,,,,2->5,yes,0.09,,,,active
RC3,Role Contradiction,Role Contradiction,,,,,,N3,yes,0.14,,,,active
RCL,Recognition Collapse,Recognition Collapse,,,,,,6->8,yes,0.18,,,,active
RF,Recognition Failure,Recognition Failure,RF,,,,,6/7,yes,0.11,0.11,,,active
RPF,Repair Failure,Repair Failure,RPF,RF,K-D3,remedy,Repair Failure,N8,yes,0.13,0.13,,,active
SE,Self-Undermining Effect,Self-Undermining Effect,,,,,,N7,yes,0.1,,,,active
TC,Temporal Contradiction,Temporal Contradiction,,TC,K-B1,criteria,Temporal Contradiction,2<->4,yes,0.08,,,,active
